{
  "train_loss": [
    1.793944665145874,
    1.4000674206733703,
    1.1058850469589234,
    0.9293196894645691,
    0.8285041335105896,
    0.7416739831447602,
    0.6624467003822326,
    0.585347012758255,
    0.5233161920309066,
    0.4756247256755829,
    0.42670484726428987,
    0.3847138044834137,
    0.34248616573810575,
    0.31050727694034574,
    0.27865614989995957
  ],
  "train_acc": [
    25.320665083135392,
    41.48268533566696,
    53.06413301662708,
    60.28753594199275,
    64.95061882735342,
    69.57619702462807,
    74.06925865733217,
    78.20977622202776,
    80.67508438554819,
    83.16289536192023,
    85.12564070508813,
    86.70083760470058,
    88.02850356294537,
    89.38617327165896,
    90.77134641830229
  ],
  "test_loss": [
    1.4842520640913848,
    1.0928501441220568,
    0.8909613459732881,
    0.7849230139878145,
    0.7355688857804438,
    0.6693000119582863,
    0.5903338290703525,
    0.5199732264136053,
    0.49050812299843805,
    0.4413636200557089,
    0.4184694472391894,
    0.38122415106008006,
    0.3639236628344864,
    0.3660242903004786,
    0.3213474499002384
  ],
  "test_acc": [
    37.27372737273728,
    53.30533053305331,
    60.13601360136013,
    65.52655265526553,
    71.21712171217122,
    74.06740674067407,
    79.007900790079,
    82.42824282428244,
    83.1883188318832,
    85.26852685268527,
    86.008600860086,
    87.31873187318732,
    88.03880388038804,
    87.7987798779878,
    89.36893689368937
  ]
}